UMAP_1,UMAP_2,cluster
18.103502,7.3919296,0
11.81591,-7.1487627,1
-1.562126,14.908358,2
11.074712,15.910992,3
10.636169,14.7528305,3
7.204018,1.5104599,4
-2.418257,7.067346,5
-2.4179251,7.068232,5
19.279514,6.158717,4
7.753344,17.33637,6
-1.2682871,16.806213,2
14.343329,-10.3235445,1
10.682306,14.9660015,3
14.875991,3.7252624,4
-2.918918,3.8151011,7
14.369247,8.022552,0
-2.193351,23.198753,2
3.304424,17.28693,8
11.663184,12.580411,3
19.2612,5.4884315,4
11.735482,-9.556859,1
7.222797,8.471506,0
10.17064,7.5624757,0
-6.1322455,14.650499,9
7.1242533,8.7242155,0
11.590306,-1.9338363,10
-8.925544,11.1818495,11
3.063029,18.114126,8
15.012598,3.7445652,4
12.107252,8.154016,0
10.135122,3.1112547,4
14.000462,-5.4885373,1
10.619491,14.788338,3
15.560389,-0.9221567,10
7.2546134,17.935204,6
18.063833,-4.644816,12
16.170559,3.9460626,4
-3.076612,3.9324117,7
7.349637,17.809267,6
7.527712,17.590221,6
11.568976,-9.43149,1
6.6535487,19.951838,6
1.4591784,7.304915,13
-1.3530557,15.790705,2
18.424469,-4.4127054,12
4.6270704,22.345835,6
11.725307,12.569398,3
13.200239,-1.450738,10
10.616469,7.6960745,0
18.741188,-4.1709743,12
16.030045,3.9238796,4
7.1495504,1.4293041,4
0.10976261,0.045324244,7
19.190338,6.27993,4
12.84805,18.97581,3
17.931023,-4.740302,12
8.50058,2.505415,4
12.542784,-9.949951,1
2.2586734,11.03019,13
13.0640745,19.771538,3
-1.2189295,18.037724,2
6.9739513,1.0770264,4
7.1453276,18.081161,6
-2.1529965,13.788704,2
13.213143,-10.10583,1
6.7516484,-5.2435856,14
11.333164,7.9034863,0
8.245238,2.3967237,4
-10.3695545,8.235761,15
8.948974,7.3546433,0
-3.0731728,3.9272969,7
6.730836,-5.5395823,14
3.8427477,22.099047,6
11.840714,-1.8411558,10
18.681015,-4.2229424,12
4.6228523,22.343712,6
-2.4205987,3.5190153,7
-10.30325,8.194335,15
7.608858,7.9709234,0
17.666325,7.6337676,0
-1.3002218,16.358791,2
13.3313055,3.5678263,4
4.76293,22.325472,6
11.331767,-9.208282,1
11.198283,-7.9179087,1
14.202813,-5.3631954,1
-3.6016872,-0.88109475,7
14.10596,13.361016,16
-11.409284,9.048165,15
16.11075,3.9447508,4
12.643815,-1.617779,10
13.079972,19.92373,3
-9.131591,0.3813669,17
6.9104333,0.62291366,4
-9.391466,7.73554,15
-5.6509895,-0.86795163,7
12.635063,-1.6208692,10
12.121473,12.631901,3
10.635729,13.470703,3
19.18725,5.3871,4
0.57854766,1.3635956,7
12.897411,19.079235,3
-6.123255,-8.762906,18
-10.098235,8.075399,15
13.065668,8.103696,0
12.9605465,19.272903,3
-3.36474,4.2090235,7
1.3162941,7.129106,13
14.341593,13.4037075,16
3.9309485,22.159979,6
-2.9966223,3.8673556,7
2.0002935,11.388567,13
17.193708,12.696958,16
-5.7424784,-0.8729877,7
-1.3762913,15.596211,2
11.4378805,-1.988567,10
5.065475,22.240484,6
16.87921,-10.863224,1
6.9061484,0.5695772,4
-3.4216022,-10.654973,18
-0.9494153,-11.840147,19
-0.45228615,-0.32248166,7
-6.9151425,17.510447,9
-0.61663926,-0.39780924,7
7.3095975,-4.0143504,14
13.980577,-5.5006666,1
16.941404,-10.8869,1
-9.027732,11.104184,11
11.269047,-9.084057,1
6.903289,0.42091268,4
-1.1507488,-6.303798,20
11.5803795,16.807444,3
16.181412,-0.48216832,10
-1.8459985,14.311299,2
0.80538464,6.685282,13
12.962342,20.518156,3
-6.573476,-8.615527,18
13.699645,-10.213617,1
11.010609,15.805495,3
-2.183756,-0.83801293,7
14.482009,-10.351104,1
17.322115,12.547746,16
12.165229,17.722586,3
-8.7397,1.5914755,17
-1.4303503,21.901411,2
2.2610304,11.025956,13
9.2954645,2.855971,4
9.393062,2.8915863,4
12.970248,19.27607,3
-6.423061,-0.94301635,7
-1.2235106,-11.864235,19
-5.5902724,-9.054896,18
8.92692,2.6801772,4
7.397545,1.7362956,4
-1.1697605,20.067823,2
12.2742815,8.146733,0
14.766017,13.448078,16
13.488656,-1.368846,10
12.196806,8.180061,0
-3.447365,23.69661,2
7.130815,1.3862481,4
12.571138,-9.950603,1
11.645392,12.580678,3
6.8786426,18.652464,6
10.934566,15.60613,3
-0.93316245,-0.5568765,7
-2.7146108,-11.115406,18
0.5675478,0.58066297,7
2.4776382,8.949288,13
3.0896406,18.162148,8
-11.230178,8.868429,15
11.354735,-7.6587405,1
-2.5420883,-5.6607046,20
0.39514947,0.34231547,7
16.141127,8.017561,0
14.341094,-10.319124,1
-7.462652,-8.624042,18
8.038039,17.048048,6
8.039084,17.044813,6
-1.5321517,22.244223,2
-4.901234,-0.8211265,7
11.401077,-7.5977874,1
2.6003942,9.625127,13
-6.93502,17.480846,9
-0.8585873,-6.445139,20
17.198046,-4.9774895,12
14.148932,13.370405,16
-6.752817,-0.95096827,7
17.271923,11.882944,16
-1.7463192,3.2066908,7
18.146423,-4.6010604,12
11.909301,-7.0565553,1
0.9336959,-7.2536864,20
-4.3242784,-0.83597744,7
11.313216,-9.181749,1
12.416206,21.77611,3
12.745922,18.707958,3
8.038182,17.045563,6
-5.221135,-0.8295498,7
10.741051,13.248938,3
1.3276757,7.1400123,13
10.03518,3.0813255,4
7.459936,8.139024,0
-0.8128984,-11.82819,19
-7.141884,16.797707,9
-2.72428,-11.104049,18
1.401408,-7.5704274,20
6.9753036,0.30695197,4
17.38204,4.1972494,4
16.53282,7.999295,0
5.301191,22.094782,6
12.115013,-1.7679588,10
-5.619197,8.034455,5
17.343906,12.493054,16
7.7080455,-3.674086,14
-0.8187022,2.868803,7
-8.947898,-0.054968737,17
-1.8452253,14.310149,2
2.008802,-8.121618,20
-2.6215558,-5.636111,20
1.7482696,7.690822,13
7.136727,-6.799555,14
11.604611,16.829731,3
1.7536551,7.7004294,13
-3.4568288,23.690113,2
13.223937,-5.9729524,1
17.416056,-4.894556,12
15.403264,-10.531771,1
16.81161,12.937201,16
9.581085,2.9442573,4
7.784068,7.7929792,0
-3.7476714,-0.8774525,7
-4.6324797,-0.83987963,7
-7.6611214,-0.8164338,7
14.160946,13.378111,16
0.052429505,2.1547363,7
6.894645,0.5309846,4
7.019901,-6.5117393,14
-1.1608895,19.81572,2
0.045528628,-0.0054447567,7
-6.630076,-8.596545,18
8.457104,7.40021,0
-6.5008926,-0.95427215,7
-7.0054736,-8.545616,18
15.078453,13.459365,16
16.938963,4.1363263,4
-2.9938242,7.5741205,5
17.153877,-5.007453,12
1.2393774,7.05729,13
12.103642,12.628317,3
13.248985,-1.4397601,10
13.025153,3.5464926,4
-1.8748847,3.2576041,7
-9.129953,0.9641784,17
-4.537108,-0.8337937,7
12.956445,-1.5147896,10
-2.1526656,23.158745,2
16.710758,12.995751,16
12.311498,12.668005,3
-3.688046,-5.4277277,20
-4.081398,7.9215436,5
-3.2587647,-5.5535536,20
-11.322501,8.960656,15
7.478363,8.118448,0
10.906564,7.7787595,0
-2.4100454,7.061523,5
-5.994854,14.505348,9
6.4505787,20.717245,6
-1.8237033,14.350234,2
17.537245,7.6951923,0
11.72797,12.577857,3
15.755211,-0.8199478,10
17.677156,-4.8270698,12
-1.3284509,-11.853786,19
15.8126335,3.8734658,4
2.467615,10.571548,13
-3.8314676,-5.3566647,20
1.9274817,7.9401336,13
14.375043,-10.323881,1
-8.811969,7.5852084,15
10.491245,14.098127,3
7.7218156,17.37101,6
-5.1703377,8.043554,5
16.667936,-5.038589,12
-6.8916116,7.8064494,5
13.496586,-5.778511,1
-8.854599,7.576399,15
12.22388,-1.7316196,10
19.259987,5.4862556,4
10.312413,-2.4206905,10
-9.4087925,7.7451034,15
6.4165535,20.772001,6
6.808682,-5.883177,14
-6.712028,-8.568612,18
-1.3248369,16.297886,2
2.2901368,10.977189,13
11.470101,16.625132,3
7.280311,8.382377,0
-2.7295544,-11.098915,18
4.34859,22.316942,6
2.3985336,10.771541,13
3.2851927,17.331856,8
12.677229,-1.606215,10
11.574002,16.797054,3
2.3714538,8.658545,13
-8.031398,1.8711286,17
11.591073,-9.450821,1
7.3638425,1.7038867,4
-7.5044837,7.702489,5
9.044286,2.7397616,4
-6.073124,-8.783611,18
8.604344,7.3680677,0
12.205606,-1.7364507,10
14.682288,13.441876,16
-2.46867,23.421944,2
13.060862,20.018631,3
16.933718,12.859539,16
16.230183,8.016765,0
-9.131874,0.9588654,17
12.097919,17.620455,3
3.0859625,18.207382,8
13.445453,-5.81614,1
-11.736632,9.4268875,15
13.439602,-5.8164897,1
13.706928,-10.217752,1
12.015682,22.498575,3
-3.0730448,-0.89152145,7
10.4961195,14.089212,3
0.567304,0.57526606,7
-5.119856,8.045253,5
-3.371329,23.69001,2
0.6271075,1.1798548,7
13.070289,20.06226,3
-2.399362,-5.715928,20
-4.1370034,-5.184416,20
-3.1093647,-5.586575,20
3.085697,18.209833,8
-0.061820783,2.2792552,7
13.992763,-5.4925942,1
-9.129091,0.32271138,17
11.530755,-7.4419103,1
-5.8129296,8.019459,5
12.688666,-1.6030158,10
-1.2496811,3.0647762,7
9.24622,2.8306797,4
-8.969359,11.148523,11
-7.28903,-0.90132695,7
-2.0739832,-0.81501216,7
0.80428225,6.6877275,13
16.954796,-10.893051,1
9.142938,2.7878344,4
12.751034,21.075136,3
-1.8418006,3.2441895,7
16.269524,8.02035,0
13.439153,-5.8180904,1
11.38807,-7.6113963,1
0.4272483,1.6857495,7
12.453939,3.503118,4
12.858075,20.86303,3
-2.8245833,-0.8910495,7
14.989514,-1.1255647,10
16.179787,8.017989,0
-5.6416316,8.033915,5
-6.6345325,15.262934,9
-3.6906765,-10.453033,18
7.500349,8.089245,0
-0.51721436,-6.5950093,20
-3.8141217,-5.36621,20
11.3126745,7.894753,0
-1.1772562,18.920221,2
18.030087,-4.675907,12
-7.8685737,-8.804203,18
9.983545,3.063026,4
2.53085,-8.755667,20
11.522845,-7.448933,1
3.090882,17.834652,8
-8.868947,1.4280821,17
10.284612,-2.4305594,10
-2.1637537,3.378005,7
15.0815935,3.755264,4
-2.9325154,7.5310073,5
10.11875,3.086416,4
-7.2489886,-0.91780835,7
-3.452307,7.766382,5
15.72949,-10.614969,1
2.6248455,9.957362,13
1.002094,-7.298878,20
16.539982,13.086969,16
-8.644472,1.6875026,17
-2.8756442,-5.612347,20
19.28198,6.100731,4
-1.4300525,-0.7044048,7
12.749864,21.086546,3
-3.438516,23.721502,2
16.189709,-0.473703,10
18.150541,7.3515735,0
13.353901,-5.8799443,1
-0.6444293,-0.41225517,7
-5.513772,-9.109457,18
-2.960855,3.8418322,7
11.928718,-1.8215278,10
14.357799,-10.32226,1
-4.355802,7.9953403,5
-8.085777,1.8955582,17
-6.8925557,17.525375,9
6.9838824,0.30297914,4
11.94515,-7.0201554,1
-5.226909,-0.8316145,7
15.278083,13.448105,16
16.115763,13.262787,16
11.02716,15.783511,3
-8.982759,11.137497,11
-6.415496,-8.655203,18
-9.25321,10.914385,11
10.19436,3.1250484,4
6.920254,18.452484,6
4.442412,22.340166,6
1.9198053,7.9285703,13
13.1189165,-10.073147,1
-1.2233087,-11.862591,19
-10.420237,8.269104,15
-2.652879,-0.8803927,7
19.243727,5.4584255,4
17.852194,-4.7777596,12
-1.2978592,16.244827,2
-2.4810789,-0.86729187,7
7.325504,8.31572,0
3.0554574,18.151882,8
-1.749717,-11.692271,19
-5.6946673,-8.986438,18
7.101755,-6.71105,14
-1.1953262,18.55159,2
13.255295,-1.4332814,10
-9.073332,11.063363,11
-11.547315,9.195719,15
-0.21089609,-6.70871,20
2.5311947,10.388695,13
-0.79988897,-6.4720273,20
10.854503,13.067574,3
-4.2399797,-10.061939,18
12.679943,8.131574,0
0.2607108,-6.930568,20
17.528646,7.7008085,0
12.455097,12.724932,3
-0.01925187,-6.795311,20
1.0362495,-7.320351,20
-5.5504274,-9.081984,18
-6.0142417,14.52514,9
10.045259,-2.5227082,10
-3.4144528,7.757859,5
18.128054,7.3708344,0
12.875957,20.811954,3
-6.415337,-0.9418389,7
0.8897549,6.7619696,13
16.853407,4.1119905,4
14.845636,3.7214134,4
-4.902377,-9.573191,18
-0.9645702,-6.392075,20
10.006531,3.0727174,4
3.9095104,22.143227,6
-0.35540593,-0.26824805,7
9.085898,2.753535,4
6.762303,19.388283,6
-1.9095165,14.20393,2
12.61285,-6.4646273,1
11.049201,7.8178997,0
7.4570723,-3.8641808,14
18.691555,-4.21561,12
-1.3457866,15.903924,2
2.77669,-9.198254,20
11.522787,3.3775876,4
-4.688833,8.032767,5
2.7803118,-9.210637,20
-1.8132479,14.365467,2
-1.2322263,-11.857451,19
13.532682,-1.3574829,10
-5.231501,-0.8335467,7
2.4671955,-8.645194,20
16.316301,-10.760654,1
-5.9818497,14.491335,9
15.058576,8.003941,0
-7.3758254,7.703323,5
1.3799351,-7.556034,20
7.01387,1.2076732,4
-3.0291164,3.8920386,7
-10.891312,8.581098,15
-4.3338985,-0.83483857,7
3.1848662,17.509762,8
15.380603,-1.0045639,10
11.083083,-8.17812,1
-2.896143,-0.89608467,7
12.594278,3.5261686,4
2.0460079,11.338726,13
-3.6076293,7.7721148,5
8.602,2.5509539,4
-8.022734,1.8691506,17
-8.522652,1.745667,17
11.283632,-9.120031,1
5.6331434,21.826899,6
-6.9190426,17.48986,9
6.654409,19.96787,6
-8.504557,1.7606753,17
-6.328358,14.861562,9
2.384236,8.672778,13
1.4336812,-7.594595,20
6.744581,19.47172,6
-2.3952348,3.5045772,7
12.295339,21.976734,3
13.0750065,8.101808,0
15.654347,13.389477,16
-4.6715918,-0.8390633,7
-1.0439748,-11.852094,19
6.6499467,19.985094,6
-6.89242,15.696344,9
15.999149,8.014148,0
5.2410808,22.135458,6
8.093205,2.3130517,4
13.485016,-5.782733,1
16.0141,8.013327,0
11.331232,3.3345928,4
-8.010603,-8.904565,18
13.504874,8.071581,0
17.340193,12.516585,16
-10.020979,8.029412,15
1.2313597,7.0503497,13
7.037526,18.246176,6
8.054956,-3.4483767,14
2.6126685,9.958071,13
7.1155214,-6.765108,14
11.284354,7.8874016,0
-11.731659,9.450645,15
0.84578073,-7.2039223,20
-7.670276,-0.815753,7
14.150561,8.033843,0
-6.501858,15.074064,9
-5.6699486,8.03165,5
-6.41437,-0.9398549,7
-10.443462,8.288051,15
18.327059,4.5585704,4
11.26991,-9.107552,1
15.82543,-0.7736606,10
10.934164,7.7891636,0
-1.1658237,19.202892,2
6.7298145,-5.3551292,14
18.745861,-4.166042,12
-2.4571486,13.367568,2
-2.594003,-5.6490717,20
-3.2806017,7.7108483,5
-2.4877994,13.344857,2
13.905292,-1.3464007,10
11.316903,-9.184124,1
8.04776,17.036182,6
7.0299745,1.2429148,4
3.3147273,17.25973,8
6.9258456,18.469072,6
-9.12339,0.3293355,17
-7.0725093,17.17705,9
-11.6762495,9.343753,15
0.0035482326,-6.8140817,20
11.100904,15.951796,3
10.67351,14.943332,3
-10.343518,8.214092,15
9.076404,7.3558087,0
6.638691,20.018635,6
-5.3738203,-0.844287,7
-8.941505,-0.05815973,17
15.524446,13.423096,16
-1.1605203,19.990574,2
10.890984,15.50266,3
16.64315,-5.0380244,12
14.9482355,-1.135376,10
-6.051099,-8.793764,18
-10.890357,8.580675,15
6.817209,19.121492,6
9.240384,7.3454466,0
-6.3979797,14.94307,9
12.814365,-6.287495,1
-6.890496,17.522627,9
-8.198476,11.711057,11
-10.303054,8.189278,15
15.163903,13.459035,16
8.445356,7.41033,0
18.239525,-4.5453415,12
8.699574,7.361533,0
-1.2566545,16.980751,2
5.0989723,22.23129,6
9.661063,-2.6742258,10
11.248761,-7.808671,1
-1.2141585,18.173468,2
-1.667763,22.495214,2
5.117641,22.224983,6
10.572163,13.708069,3
-3.7945602,-0.8753908,7
6.723296,-5.326311,14
13.512247,8.070423,0
-2.7763934,-5.619091,20
15.745035,-10.619184,1
-1.2211914,20.729944,2
10.600707,14.671227,3
16.607433,-5.040249,12
-1.2467563,3.0639927,7
-3.8863003,7.868133,5
11.949497,-7.0161915,1
-1.163948,19.284393,2
18.71015,-4.1980734,12
11.828133,17.194181,3
13.065274,20.047829,3
1.4035275,7.240328,13
7.075007,-6.6630116,14
-3.6754885,-10.473702,18
-1.2535785,3.0672667,7
10.301554,7.6071234,0
1.9753288,11.39983,13
-1.3425995,3.09482,7
11.567269,-1.9532647,10
15.142928,-1.0765166,10
-1.0213718,-11.851444,19
11.470104,16.618101,3
16.98145,-10.908325,1
-8.858435,7.5679235,15
3.9407806,22.161682,6
7.356815,1.6980481,4
-2.4276407,-5.7010965,20
10.811302,7.7645845,0
7.444076,8.157593,0
16.31298,-10.75981,1
12.742585,12.893306,3
-1.4179968,21.894054,2
6.984308,18.333727,6
7.320385,-4.00334,14
4.1516685,22.254654,6
-7.6525726,-8.693757,18
10.890153,13.008543,3
-1.3495665,15.912901,2
-8.824612,1.486095,17
8.611956,7.3551326,0
13.978428,-1.3409363,10
12.871498,20.817682,3
-1.376909,-0.6887092,7
-1.2568544,16.969385,2
-2.543848,23.486578,2
19.278408,6.070084,4
-0.30409238,-0.23017378,7
-4.448328,-4.9294496,20
-1.2555062,16.969896,2
-4.591356,8.025268,5
-8.609456,1.7163981,17
-7.2419333,-0.91999114,7
14.6209345,-1.223887,10
-9.151761,0.905543,17
-3.0022233,3.8703756,7
-6.118963,-8.765347,18
-6.341,-8.681495,18
9.95334,3.0559542,4
-1.3909966,15.387642,2
10.155763,7.5584135,0
18.042145,-4.659188,12
14.073382,3.6366103,4
1.9213389,-8.031801,20
-1.6585605,-11.725903,19
-7.680836,-0.811154,7
10.088666,-2.5173368,10
10.930113,3.2703495,4
-2.130678,13.827143,2
13.48014,3.579898,4
-1.3045074,-11.861015,19
-7.256133,-0.9160304,7
-6.6155095,15.230981,9
7.782338,-3.6221921,14
-8.31761,11.620459,11
10.287413,-2.433947,10
12.5773,-6.4709377,1
-1.5696445,22.330994,2
-0.39454147,-0.29049248,7
10.604799,13.576427,3
15.37987,-0.98567796,10
6.9499054,0.3457687,4
9.88311,7.48998,0
3.8300788,22.082994,6
-4.6738048,8.031809,5
12.914275,19.133316,3
13.636467,-10.179851,1
10.022431,-2.5395098,10
16.809805,4.094648,4
17.9306,-4.737282,12
19.246546,5.462671,4
-2.5481975,23.48412,2
12.734582,-6.3513575,1
-1.2592919,-6.24228,20
-3.647072,23.49312,2
-8.10494,1.8816125,17
-3.3200843,7.724687,5
18.26738,-4.52251,12
11.019959,15.782796,3
-2.117821,13.848568,2
6.9771557,1.089427,4
11.175953,16.092276,3
13.272911,-1.4297142,10
12.748132,18.717924,3
-7.664771,-0.8259092,7
-1.2707232,16.740683,2
-5.958681,14.467626,9
-3.6190693,-10.51904,18
17.084688,-5.030835,12
1.9229721,-8.035135,20
10.458676,7.656553,0
3.078461,18.1939,8
2.5717382,9.344981,13
-2.452847,13.370925,2
6.7304325,-5.5809484,14
13.236377,-5.965546,1
-6.694977,7.839991,5
-11.638107,9.30056,15
-9.239499,10.926193,11
18.729786,-4.1822243,12
19.264004,6.158615,4
17.068165,4.156902,4
-1.4301604,21.903442,2
13.299784,-5.918944,1
-0.24317233,-6.695566,20
10.588462,14.628663,3
-1.9723395,22.9516,2
18.096699,7.395302,0
-6.502237,-0.9734932,7
9.350268,2.8763423,4
-0.7839492,-6.4798474,20
-1.8650852,3.2532518,7
-2.4831445,7.1340127,5
-1.2114465,18.253098,2
0.8255196,-7.196649,20
-5.3907375,-9.2032175,18
14.296085,13.395724,16
-1.4708005,-0.7259979,7
15.301545,13.449149,16
-4.389593,-0.83039045,7
6.9202476,0.72929436,4
-7.140046,16.726229,9
13.654089,3.596818,4
-0.0049903286,2.2207737,7
2.1436417,8.228426,13
15.322381,-10.514938,1
-7.5957646,7.6814713,5
2.423437,8.848516,13
-10.996597,8.664323,15
-1.7825993,3.2178943,7
9.367504,7.382725,0
10.258843,7.602213,0
-2.8683913,-5.6135864,20
-11.073059,8.7291565,15
7.905533,2.1802127,4
12.014913,22.487823,3
12.34209,-9.861419,1
0.7283118,6.6231976,13
-2.2078357,13.702202,2
16.85988,12.901911,16
0.63782835,0.8044452,7
18.543964,4.7002144,4
9.24202,2.8346655,4
-1.4315486,21.909,2
15.066535,-1.0980489,10
-8.680392,1.6567816,17
-9.156804,0.89906263,17
3.0793188,18.166555,8
-0.30968636,-0.2378075,7
-7.132053,16.876026,9
-2.3516698,13.483795,2
10.566803,14.528023,3
16.775484,7.953038,0
15.807924,-10.63559,1
14.88919,8.003767,0
16.991396,4.1347036,4
11.198346,16.12922,3
-2.9512725,-0.8981018,7
13.104568,-10.061814,1
0.11315166,-6.85414,20
-4.722749,-0.8358937,7
-1.5191004,22.209059,2
14.192759,-5.369904,1
2.6104355,9.9772625,13
6.9042945,-4.6683865,14
7.052258,1.2755867,4
15.807382,-0.7888518,10
12.724083,18.66984,3
-1.8117167,22.745377,2
-0.724945,-6.5063157,20
-2.845497,-11.01082,18
16.16132,8.017927,0
7.133226,-6.791523,14
2.1029546,8.1818075,13
-1.2413491,17.354582,2
0.72835404,6.624886,13
-1.232883,17.566685,2
12.543055,21.523294,3
14.781743,3.7115378,4
7.819114,2.1101093,4
-1.50513,22.168682,2
7.8017955,17.285006,6
-5.6606627,-0.8573161,7
19.341784,5.623214,4
18.2721,-4.52116,12
12.86843,-1.5374886,10
-6.6000457,-8.594441,18
9.099317,2.7668872,4
1.9953525,-8.1073065,20
-2.9355958,-0.8970155,7
-7.1316385,16.74348,9
16.193878,-0.44985333,10
-5.162153,8.043984,5
-4.4047656,8.018291,5
11.8740835,-1.8363978,10
-5.421855,-9.184772,18
17.174286,-4.985112,12
15.810422,3.8726928,4
17.279415,11.892851,16
-1.7243093,-11.708593,19
-0.6254909,2.772292,7
-4.1976686,-10.096749,18
2.500405,-8.662548,20
-4.4949813,-0.82391,7
15.303679,8.002799,0
-2.3019443,3.4459743,7
14.648572,-10.3925295,1
0.09488421,-6.845071,20
1.9764168,11.4106,13
7.451225,-3.866286,14
0.5730051,0.5946829,7
12.363555,8.149124,0
-0.5800248,2.7429461,7
12.32626,-6.6862593,1
14.5936165,-10.380003,1
-7.628003,-0.82674366,7
16.76192,12.970121,16
6.7895308,19.255835,6
13.153058,-6.0288963,1
-5.7681904,-0.875522,7
-4.0191483,7.9042735,5
12.193642,8.163369,0
-1.1747314,20.114273,2
-6.401098,7.912465,5
16.251368,13.206235,16
10.848236,-2.2372904,10
-11.739652,9.424021,15
10.850323,-2.236064,10
16.502724,13.108411,16
-7.1100473,-8.54261,18
7.224897,8.477546,0
15.439204,-10.535536,1
6.8186975,19.12951,6
-9.040581,7.61006,15
0.6116167,1.276111,7
-7.221096,7.736272,5
7.11697,-4.2614017,14
10.53068,13.877719,3
16.160309,-10.714129,1
15.473477,-10.535566,1
-0.029067578,-6.7853637,20
-8.990945,7.6087527,15
-9.228161,7.670893,15
10.936095,15.624434,3
4.771346,22.326385,6
15.227177,13.454089,16
5.1574526,22.191595,6
12.332352,12.67289,3
7.182565,18.0282,6
6.6210303,20.085901,6
12.066527,-6.9123187,1
-5.919478,14.427683,9
6.3778396,20.824434,6
-1.2029986,-0.6390169,7
-0.33244732,-0.2569115,7
7.6809397,17.415514,6
18.238548,-4.5450544,12
-7.882062,-8.819628,18
12.459179,21.696625,3
12.840134,12.930593,3
7.1361914,-6.798405,14
16.020113,13.3003435,16
-3.035221,-10.86208,18
-1.7245249,-11.709411,19
10.86739,13.051747,3
-4.5620804,-9.819343,18
16.586924,13.073343,16
1.3241193,7.1355367,13
-8.962185,11.157076,11
11.988082,22.54058,3
14.273044,13.403072,16
10.7270155,3.230122,4
-6.8918138,15.696243,9
17.518036,4.2138143,4
2.2701616,11.0125265,13
12.662652,12.836348,3
-7.4759684,7.6894226,5
11.829188,17.196571,3
-8.913094,1.360768,17
6.778543,19.320786,6
14.218108,-5.359061,1
11.251255,16.222174,3
7.1260996,-6.779666,14
-9.006413,11.119102,11
16.934196,-10.890077,1
8.262854,2.398904,4
19.293705,5.8950744,4
1.7401178,7.6827674,13
-4.743774,-9.682909,18
-7.1412296,16.750698,9
6.7842054,-5.7930117,14
-7.268198,-8.571727,18
12.341663,8.149515,0
12.375089,12.690737,3
12.676301,12.84073,3
6.897318,-4.6772003,14
-2.3962367,-0.85410315,7
-6.9987392,17.388813,9
1.6877185,-7.8077273,20
1.1313511,6.9632297,13
-1.3952864,15.405251,2
3.85815,22.10858,6
1.6582186,-7.779828,20
2.610646,9.97823,13
9.698632,-2.6490483,10
12.216991,17.803642,3
17.452923,7.739649,0
15.322732,13.458852,16
-1.3051293,3.0900822,7
6.850043,-4.798156,14
18.200975,4.488585,4
-1.1604077,19.911907,2
-0.6606624,-0.4271072,7
10.8379755,7.7604704,0
1.8584151,7.8502607,13
-9.074676,11.061094,11
-3.0673428,-0.8940019,7
17.857746,4.328923,4
10.829373,15.37862,3
-3.1475346,-0.89275426,7
3.0824146,17.862467,8
7.9415646,7.6531706,0
13.01985,20.23394,3
-6.9844866,17.404434,9
11.837379,22.7639,3
12.409398,-9.885642,1
13.184349,-10.101485,1
-6.8839126,17.514967,9
-1.2289822,-6.260397,20
-2.5033214,23.45495,2
-3.4611614,-0.8852399,7
0.5750925,0.58207047,7
2.686204,-9.0449095,20
18.108652,7.386847,0
13.0525055,-10.051835,1
-1.7967411,22.723389,2
-1.3600918,15.743871,2
1.7497891,-7.866858,20
6.926563,0.39871842,4
11.113028,-8.103725,1
11.546914,-9.417545,1
-2.6243038,23.541492,2
7.694844,17.399666,6
17.784365,4.3048816,4
-4.212083,-5.1321588,20
-1.3980398,21.718046,2
6.7374587,-5.5929985,14
-9.870444,7.9604034,15
-4.2386246,-10.06349,18
-8.257175,1.8415067,17
14.287368,13.405988,16
16.202368,-0.45227784,10
-6.932018,15.790284,9
6.4141235,20.776062,6
-4.167548,-5.16572,20
0.73115915,6.6253,13
11.799618,22.810894,3
1.6697607,7.5922456,13
7.5330663,17.583838,6
-6.697032,-0.95300597,7
19.276981,6.171341,4
-8.952871,7.588676,15
18.332886,4.569922,4
16.971405,-10.900981,1
19.288044,5.533081,4
-11.081015,8.739132,15
-4.6510625,-0.83882725,7
3.0624454,18.08337,8
-4.4265623,-4.9561505,20
19.290174,5.540452,4
11.828121,22.774237,3
7.259956,17.923065,6
14.720064,13.446652,16
-7.134819,16.842976,9
-8.894529,7.588878,15
7.333009,1.6704977,4
12.847081,-10.00599,1
17.208454,12.687036,16
-1.2097131,18.290218,2
-4.2352233,-5.117357,20
7.104199,-4.2857437,14
-5.194914,-9.342819,18
-3.5374646,-0.88486284,7
8.100869,2.3097708,4
11.675703,-1.8975589,10
-6.2833695,14.813229,9
6.746862,19.463192,6
7.153196,8.657828,0
12.3539715,8.148296,0
7.1990495,8.565124,0
13.080803,19.866827,3
3.0748,18.18829,8
14.222396,-5.346078,1
13.078975,19.9537,3
-5.3192506,-0.8360567,7
13.570353,-1.3570629,10
16.383644,13.14364,16
13.063211,19.805042,3
12.16036,17.710123,3
-1.2119634,18.234879,2
-3.2303584,-5.5631137,20
13.533511,8.069242,0
18.547098,-4.334493,12
-0.36731547,-6.641386,20
-1.4101423,21.844143,2
15.319904,-1.0080831,10
-1.1799108,18.888363,2
-4.447166,-4.935737,20
6.9015946,18.520355,6
0.7296142,6.6239924,13
-2.9188561,23.71064,2
9.62943,-2.6894443,10
6.9950285,0.28618556,4
-2.9297972,7.530225,5
-11.723484,9.405333,15
10.19535,-2.4777992,10
11.575067,7.971251,0
-3.2072208,7.677374,5
-0.91882324,-0.55329835,7
10.46589,7.656404,0
2.3917542,8.710621,13
-4.972093,8.041923,5
2.21478,11.094343,13
-6.9189425,17.496542,9
14.538367,-1.254707,10
7.8516607,17.23356,6
-2.5021389,3.565866,7
-0.6135777,2.7657847,7
1.7813023,-7.897183,20
-6.3214855,-8.700059,18
9.816862,7.474845,0
0.8766033,6.750869,13
7.890288,2.170985,4
-5.3535,-0.84403545,7
3.2883756,17.326805,8
7.2140937,-4.1312633,14
-7.7304683,-8.72899,18
-1.8559475,3.2503138,7
13.364499,-1.411878,10
-8.82542,1.4826281,17
14.004556,-5.4852877,1
15.059704,-1.1084316,10
-10.016574,8.038674,15
10.68458,13.345606,3
-2.906164,-0.9009372,7
-7.4244323,7.6961794,5
-2.5982392,-0.8692885,7
-3.003287,7.580612,5
6.7960653,19.224594,6
2.3990228,10.755,13
-5.8900094,7.994931,5
-6.8936357,17.5298,9
12.358909,-9.869641,1
9.590255,-2.710927,10
17.464415,4.2054167,4
11.349434,3.3437128,4
-2.934623,23.713902,2
-4.193568,-0.84558666,7
14.19616,3.6565945,4
-1.3282472,-0.66914624,7
13.641728,3.5954342,4
2.453755,-8.632147,20
15.167845,13.4577265,16
6.9497952,0.34344777,4
8.023126,-3.467813,14
-6.8302197,15.597283,9
-6.6048884,15.212864,9
11.264576,16.245632,3
3.062808,17.998446,8
7.433788,-3.8839386,14
19.2976,6.193426,4
8.037085,7.575918,0
16.895195,-10.862829,1
-5.410047,-9.1842785,18
8.406555,-3.2527244,14
12.830644,-1.5634909,10
-0.6860298,-6.532133,20
0.1505984,0.084672235,7
12.181704,22.1836,3
-5.6879845,8.033317,5
-3.6651454,7.812525,5
6.4421506,20.725414,6
-11.734835,9.424974,15
6.9043727,18.487627,6
1.1430225,6.9740562,13
-7.137326,16.666407,9
-1.1616911,19.544357,2
6.735971,-5.241844,14
16.994057,-10.9244795,1
-4.8892303,-9.578175,18
12.377393,-6.6404223,1
1.0070832,-7.2962136,20
6.970931,18.356743,6
-7.182935,7.745096,5
-0.80394775,-11.82694,19
10.077987,7.5370555,0
10.735782,3.2326355,4
-11.195675,8.839719,15
-0.9182965,-0.55399203,7
-3.5466206,-0.8841753,7
-0.86359274,-11.833294,19
-5.9207506,14.429571,9
1.3287154,7.1397057,13
-5.2736025,-0.8433256,7
12.507555,-6.531509,1
-7.262476,-8.560561,18
2.2979207,8.511507,13
17.780033,7.5717216,0
17.854635,-4.774913,12
-5.1422377,8.045714,5
-3.9541404,7.8851466,5
-0.7966319,-11.825513,19
8.411633,7.4273877,0
-9.162283,0.8058628,17
2.4493344,8.852722,13
16.763514,12.968784,16
14.268413,3.6600888,4
2.569382,9.329731,13
17.169884,-4.991724,12
-1.3075461,21.199352,2
-3.1444254,-5.581828,20
-9.01042,0.049706537,17
-4.450357,8.022023,5
6.8872337,-4.7020593,14
16.884127,-10.853891,1
13.083024,19.963907,3
-1.8084183,-5.972471,20
5.1388187,22.209444,6
10.68496,14.978162,3
7.0613065,1.2953658,4
-2.1737456,23.180328,2
11.6655445,-1.9044596,10
-5.1081815,-0.8259112,7
6.90625,0.543262,4
-2.247464,13.629225,2
8.029448,7.57918,0
13.35704,-5.879057,1
6.729771,-5.5805,14
4.1769066,22.265715,6
-4.3764887,-4.999325,20
2.0040898,11.383917,13
12.7294655,18.682587,3
12.066712,17.558146,3
-1.16191,19.779785,2
12.728955,12.886266,3
11.101449,-8.180546,1
-4.5304775,-9.842642,18
-3.1130013,-10.837193,18
16.41065,8.010458,0
-11.347221,8.983773,15
-3.4126112,23.705334,2
11.146277,-8.06227,1
0.5736256,0.58047915,7
-7.131506,16.630037,9
17.363478,-4.90685,12
6.890186,-4.70003,14
-1.6053408,22.38227,2
-4.5616794,8.023472,5
-3.8483746,-0.87285376,7
-8.895231,11.204034,11
7.40489,8.203273,0
15.344772,13.453078,16
-2.0688994,23.069414,2
11.915204,22.658512,3
6.8808527,0.48921996,4
12.59321,-6.4625573,1
13.449973,3.5771515,4
-1.8181295,3.2333357,7
-2.9009259,23.702608,2
11.927122,17.347654,3
-2.4705422,7.1214194,5
-9.76721,7.910031,15
-6.142615,14.660894,9
1.2487953,-7.45991,20
12.987272,19.32947,3
7.910913,2.187864,4
17.156502,12.723359,16
11.326181,12.715285,3
-7.7345123,-8.726233,18
15.984406,13.30632,16
6.947539,18.395082,6
-7.2572327,-0.9163264,7
12.6737385,18.59384,3
-6.87357,15.666761,9
5.8142285,21.649546,6
-5.7070065,8.032246,5
-9.251159,10.917168,11
16.85885,-10.854762,1
19.200659,6.267582,4
14.6335125,-1.2201045,10
-2.4029443,13.424187,2
6.0290685,21.38592,6
2.5735776,10.253903,13
-1.1633868,19.379469,2
7.3178577,-4.004613,14
-2.5100772,3.5775335,7
-6.9446254,15.776769,9
12.302699,8.150984,0
12.669657,-9.973065,1
11.406407,3.3506148,4
-10.057906,8.052548,15
-2.9090395,-10.9636135,18
10.151449,3.1140542,4
-3.4547584,-10.630966,18
-4.571602,-9.8069515,18
3.3196797,17.260433,8
12.459213,21.712244,3
-4.3266163,-5.045864,20
-0.6935926,-6.540253,20
16.204874,-0.45599458,10
11.22191,-7.853654,1
16.331158,-10.772258,1
-1.5266693,-0.731828,7
14.60621,13.435149,16
6.933881,-6.2746387,14
-7.131752,16.636642,9
11.293903,-9.137686,1
2.5460918,-8.727915,20
12.072576,-1.7813823,10
13.032563,19.571049,3
-6.655773,7.823141,5
-8.117924,1.878958,17
-0.045679927,-6.7721796,20
0.102491654,-6.848905,20
-2.3766077,-5.747582,20
-7.018277,-8.540825,18
-3.1095846,-0.892548,7
2.6125765,10.032959,13
9.635702,-2.6794775,10
-3.3043706,23.713036,2
7.98517,17.097797,6
0.07280245,0.01518159,7
-4.2677155,-10.04111,18
6.9653964,-6.3698473,14
14.690474,-10.401553,1
7.113373,-4.2696767,14
-1.2081858,18.31537,2
11.878059,22.704914,3
-7.0644174,-8.535768,18
7.2008977,-4.15166,14
-6.8755016,15.667926,9
-3.6476297,23.494854,2
7.1357975,-6.7954154,14
12.098944,17.620358,3
-1.3742898,-0.68645376,7
6.386453,20.80851,6
-8.156566,11.746197,11
12.494254,-9.934842,1
6.6580048,19.93847,6
-1.2363667,17.367216,2
11.544797,-9.414736,1
14.107207,-5.425725,1
7.6516023,7.922551,0
17.340853,-4.913398,12
-0.18019202,2.3931193,7
-3.4710665,7.780104,5
2.0764003,-8.196493,20
11.556619,-7.4116883,1
0.17780253,-6.879316,20
-6.4444995,7.90255,5
13.640951,8.062758,0
14.869636,3.7339091,4
-3.8546584,-5.3429527,20
10.748051,15.155667,3
3.2640357,17.359674,8
-8.149182,11.750291,11
-1.287815,-11.869647,19
-7.725054,-8.726834,18
12.8955555,20.75102,3
10.643167,14.842842,3
8.390018,-3.2618806,14
16.338762,13.170418,16
-3.792799,-5.3749876,20
-2.8386595,7.459116,5
-8.174715,1.8665589,17
14.46628,8.020284,0
14.483369,8.015831,0
16.170881,-0.49001506,10
-0.8074314,-11.827367,19
14.610079,-1.2094178,10
-2.226415,23.22909,2
-2.486599,7.1359167,5
12.244709,22.06633,3
-1.469204,15.0817375,2
2.7817087,-9.214528,20
17.95899,-4.719636,12
19.279922,5.5200844,4
-6.450533,7.9000583,5
6.722728,-5.2889338,14
-9.132534,0.95751053,17
-8.831086,1.4823993,17
-3.008187,-10.888228,18
-8.956194,7.5987644,15
12.127351,17.663792,3
12.0219555,-6.9520493,1
-1.8467206,14.318647,2
-8.084515,1.8831031,17
-1.0898331,-11.856174,19
-0.43045145,2.6223285,7
-9.333601,7.7137294,15
1.4186004,7.2584343,13
-11.04954,8.709451,15
-0.36322832,2.5609336,7
-5.6109376,8.034523,5
2.5101023,10.454243,13
-10.916976,8.596815,15
7.7167177,17.375671,6
-5.9473968,-0.8964269,7
5.995233,21.433405,6
18.505114,4.668211,4
-2.2357457,23.237759,2
0.67424667,-7.1129904,20
11.924165,-7.0380073,1
12.668479,3.5249903,4
2.36244,8.630391,13
10.994403,12.929578,3
2.015372,-8.128388,20
-8.888947,7.5854526,15
-7.233879,-0.91168004,7
16.632332,-5.0283804,12
6.9870076,0.296575,4
-1.1598957,19.933899,2
-1.1628625,19.180397,2
10.50016,14.051296,3
-1.3551638,15.866479,2
15.884833,-0.7277311,10
-1.3557843,-0.6805422,7
12.544818,8.139847,0
2.753137,-9.167606,20
6.4576483,20.699368,6
11.847883,22.749994,3
10.429768,-2.377983,10
0.6113604,1.2762692,7
13.906967,-5.5603547,1
13.3903475,3.5666332,4
-1.5394175,14.959079,2
11.256378,7.864873,0
15.4724455,13.432892,16
5.7955227,21.67202,6
11.719245,-9.540229,1
7.321806,-4.0005965,14
8.044693,17.0393,6
16.093946,8.01546,0
13.087948,3.5517128,4
7.418243,17.725752,6
-2.7102592,-11.111922,18
-7.2046413,-8.575417,18
-7.9242163,-8.839728,18
8.253254,2.4015326,4
3.087515,18.216969,8
-6.933621,15.762581,9
6.927861,-6.2542214,14
7.254273,1.5789927,4
0.77845836,6.66505,13
-3.1557217,4.0066023,7
-4.307285,-5.0625362,20
-7.1328526,16.856918,9
0.872842,-7.2148356,20
2.779599,-9.205643,20
-6.5006976,-0.9559519,7
2.512812,-8.720599,20
-2.8245568,-11.025831,18
14.155486,13.378004,16
-6.01571,14.526152,9
8.021549,7.5858274,0
12.678782,8.130993,0
15.728775,13.372226,16
-7.1292562,16.891905,9
-0.18476647,-6.7182107,20
-6.6275077,15.249883,9
7.1148396,8.748585,0
18.585514,4.7387915,4
10.294277,-2.4316647,10
-6.5012474,15.07203,9
2.4398615,8.776072,13
-3.315378,7.7238173,5
1.7404008,7.6832485,13
7.0875635,-4.31754,14
-1.221177,17.946304,2
2.5315464,-8.747794,20
10.5995245,-2.3244507,10
14.485852,8.019761,0
15.410898,-10.530454,1
5.758388,21.710009,6
-7.4479055,7.6704326,5
18.035135,4.386989,4
-1.6081424,3.1566887,7
-5.0763764,8.04289,5
-9.029964,7.605612,15
8.032087,-3.4628909,14
13.123265,3.5539305,4
6.8808556,18.502262,6
11.356751,-7.6558943,1
-8.61455,1.7108285,17
-8.631023,1.6991354,17
11.051351,15.852245,3
9.523625,-2.7409174,10
12.713332,21.165928,3
0.73119855,-7.1468906,20
2.4442499,-8.623848,20
2.2624578,8.441083,13
-8.69247,11.352418,11
15.222518,-10.494143,1
6.0725894,21.326193,6
2.119976,-8.248136,20
-7.2370057,7.7318764,5
6.6224494,20.081114,6
0.57450527,0.5832449,7
12.571108,12.781958,3
6.7302012,-5.3492255,14
2.756066,-9.17214,20
5.013889,22.265415,6
-4.6494584,-0.83457816,7
15.718998,-0.86636376,10
-1.2446058,17.27941,2
16.199522,-0.4561216,10
10.862663,13.052725,3
7.3146415,8.335805,0
7.367545,-3.9508512,14
9.316061,2.86745,4
15.094915,8.002887,0
-2.459607,13.3644495,2
16.11098,13.263722,16
-5.0184593,8.042476,5
-3.3603096,4.2085195,7
10.834809,-2.266991,10
10.710522,15.048509,3
2.3451886,10.880987,13
-9.159872,0.88904566,17
15.107685,-1.0896367,10
-5.6873364,-0.8649305,7
2.5392933,10.381448,13
12.021618,-1.7966336,10
-6.8340926,15.613251,9
15.114034,8.002861,0
18.551655,4.7082353,4
-3.6563854,23.483631,2
11.5522375,16.762497,3
18.52152,4.6817465,4
7.292482,-4.0323806,14
4.3217835,22.315886,6
-1.3745644,-0.6834908,7
-7.9806733,-8.880895,18
6.7340817,-5.230332,14
12.505214,12.736111,3
17.35429,12.366794,16
17.342821,12.021569,16
-1.2273877,20.770264,2
-0.54233146,2.7148073,7
-6.3569674,14.893123,9
8.3855715,-3.2642066,14
2.0076919,11.379794,13
14.55167,13.427228,16
-9.058185,1.0824685,17
10.477075,14.105076,3
-2.4261494,7.075699,5
14.143439,13.376497,16
-3.3973045,-0.88734716,7
8.088577,2.3092854,4
7.3590527,1.7043868,4
6.848982,-4.797749,14
2.0025806,11.387266,13
-2.2532225,-0.8466621,7
1.7092527,7.641773,13
14.757573,8.005891,0
9.08537,2.7587974,4
-6.2544866,14.783,9
10.5268755,14.318524,3
10.804077,-2.2576158,10
11.58847,12.586451,3
0.40303,-6.9913864,20
11.32123,-9.197668,1
6.879405,18.65382,6
17.348667,12.481118,16
17.36776,12.051155,16
17.607178,4.2361107,4
-2.985795,7.5685143,5
-6.4390454,14.988447,9
-8.817793,7.5844207,15
12.744043,12.892698,3
12.801453,18.868858,3
-9.099773,0.9987104,17
-1.4416745,21.95236,2
11.915585,8.094958,0
-3.3583994,4.2046337,7
-2.953259,7.5468464,5
10.620037,14.773396,3
-7.1298943,16.685352,9
-7.277549,-0.9150812,7
-7.010961,17.365526,9
11.331139,-7.7016253,1
10.690518,13.344461,3
-1.1603684,19.963087,2
9.308586,2.866483,4
-1.2402405,17.374348,2
-2.4565706,13.367933,2
18.579763,4.7301464,4
7.525116,-3.8073282,14
-5.8003263,8.020676,5
-2.0792065,-0.8211437,7
6.8158054,19.136084,6
1.1920055,7.015428,13
7.376775,17.78164,6
17.57447,-4.8521714,12
5.622105,21.837687,6
14.89251,8.003614,0
11.470219,-1.9773625,10
8.04262,-3.4570851,14
-6.3880486,-0.93789375,7
1.6553042,-7.7785106,20
16.09314,3.9483893,4
18.593296,4.74288,4
19.234346,5.445809,4
10.084991,7.5302386,0
11.937021,-7.0272074,1
17.245125,11.851116,16
7.5466247,17.567196,6
14.314997,-10.278075,1
-1.4816109,15.060818,2
11.947622,8.102641,0
-8.029851,1.8711413,17
0.5739829,0.5838453,7
-1.0432872,2.9747813,7
10.162317,3.1174204,4
12.925756,19.156868,3
5.1408396,22.212406,6
7.3403115,8.302652,0
11.987061,22.529861,3
-9.939121,7.9861546,15
-5.4834104,-9.132376,18
4.8141017,22.315968,6
-2.9888253,-5.603126,20
7.931993,7.657484,0
-2.3123226,3.4452496,7
-1.5701721,-0.7396604,7
17.031818,4.158985,4
6.9179425,18.473558,6
19.26101,6.212764,4
6.9053926,0.5919707,4
16.99217,-10.91687,1
15.376096,-0.9897989,10
-2.125051,23.129772,2
-1.4502014,15.1499405,2
-3.5856948,-10.541215,18
18.280851,-4.5175347,12
10.819982,-2.2499573,10
12.195727,17.778067,3
6.8136897,19.135088,6
-1.2782097,16.948956,2
-3.5230906,-10.588185,18
-2.587523,23.512522,2
-0.3923591,-0.28955483,7
11.527796,3.3775854,4
-1.1695935,19.05264,2
14.9863615,13.456163,16
-2.0549614,23.056143,2
14.572777,8.009316,0
7.5443015,17.570648,6
2.0546682,-8.17134,20
14.138893,3.6489906,4
14.489494,8.015328,0
18.183233,-4.578407,12
12.369148,21.828583,3
5.763532,21.705713,6
16.020462,3.9149954,4
-1.7153256,-11.713366,19
12.440535,12.728243,3
5.76369,21.705303,6
11.886242,17.291077,3
14.439356,3.674837,4
-2.9767587,-0.90089357,7
-2.3638906,13.470949,2
15.383,-0.9858038,10
-4.6170597,8.028188,5
10.642462,14.860043,3
-6.680236,-8.579662,18
12.633197,-1.6197183,10
-3.3342068,4.177912,7
-6.9775724,17.421577,9
11.753988,22.861292,3
8.524812,7.387321,0
-0.7385633,-6.501133,20
2.448493,8.817381,13
-7.1756506,7.747136,5
-8.0014,-8.894654,18
-2.9062934,23.709335,2
10.671705,13.378179,3
13.106544,8.101146,0
4.5648417,22.343855,6
12.171933,8.176008,0
-2.1805587,23.18767,2
15.787895,3.869874,4
-7.678527,-0.8121763,7
7.045145,1.2718428,4
-9.174481,10.977963,11
10.618501,13.531521,3
-7.9955378,-8.890358,18
14.029594,-1.328707,10
8.2517395,7.466974,0
9.236186,2.837601,4
11.522883,16.712685,3
12.363192,21.86317,3
3.102658,17.744555,8
-6.683099,-0.9556338,7
18.728354,-4.176828,12
6.931079,18.429224,6
-8.21944,1.8516331,17
-2.904308,23.705034,2
10.682797,-2.2974231,10
9.7995,3.0107315,4
12.143023,-6.840009,1
7.864625,2.1488066,4
-4.067363,-5.2255125,20
-6.660073,-8.580625,18
11.395066,-7.6044364,1
5.472142,21.964499,6
-1.866506,14.2757,2
-5.475657,-9.118501,18
0.5409432,1.5003667,7
16.975172,4.142381,4
10.574289,14.569904,3
-2.2988052,23.289602,2
-6.9019966,15.714273,9
2.6111984,9.97649,13
-3.335177,23.70678,2
0.3300948,0.2596398,7
-7.9821944,-8.881834,18
9.468227,7.4022555,0
2.574115,10.256015,13
15.5604925,-10.559542,1
-6.0329595,14.543586,9
-2.4127536,7.059078,5
4.0066233,22.198261,6
14.559108,-10.37552,1
-2.9972954,23.715673,2
11.087463,-8.168005,1
17.046923,-5.0608544,12
-6.457375,15.012692,9
-1.1655397,-6.294753,20
11.215784,-7.8868046,1
7.5380793,17.577703,6
-0.59054494,2.7503855,7
7.1085434,18.12861,6
11.068034,7.82282,0
6.8233743,19.225824,6
1.3250121,7.1368294,13
2.2653499,11.027623,13
13.0432415,-10.049102,1
7.024223,1.2333082,4
-6.463276,15.020952,9
-1.3871768,15.35349,2
13.94768,-1.3551695,10
9.789909,7.469918,0
15.138702,13.459109,16
6.7294793,19.52553,6
-1.7500834,-11.702177,19
18.493492,4.667687,4
-10.977251,8.647675,15
1.5881441,-7.720018,20
15.820172,3.8748436,4
-1.7975515,22.715422,2
15.260889,-10.506786,1
-4.132591,7.934778,5
-1.2925583,16.435654,2
8.633735,2.5640635,4
1.7474262,7.692511,13
16.675802,7.9642167,0
-4.375278,-5.002463,20
15.028881,-1.12006,10
-2.519796,-5.669171,20
-6.10553,-8.769446,18
7.7817407,-3.6234262,14
15.384576,-0.98603374,10
2.5191426,10.422592,13
-5.8571625,8.013081,5
-3.480157,-0.88492066,7
1.573622,-7.7056065,20
-7.6264477,7.676603,5
10.911685,12.98747,3
15.807568,-0.7930158,10
14.769003,-10.418089,1
10.920922,3.2679636,4
-1.165513,19.156403,2
11.510355,16.68963,3
10.835229,-2.2402894,10
-3.02759,-10.877683,18
11.5670185,16.78894,3
18.13309,4.442255,4
15.651029,-0.8778689,10
11.369149,-7.634944,1
2.7747521,-9.186933,20
6.8513308,-4.792239,14
18.529707,-4.341109,12
14.761686,-10.432021,1
10.067509,7.5342107,0
-3.9394567,-0.8671747,7
12.128866,17.668331,3
-1.1876721,18.734898,2
16.943573,7.9070435,0
1.7422628,7.6857285,13
8.449634,-3.2326188,14
17.337254,4.1908207,4
7.141823,-6.7861814,14
-2.8980424,-10.968853,18
0.020274729,2.1936276,7
-1.7410176,-11.700614,19
-6.649655,-0.95826995,7
-5.9260774,14.433672,9
4.612416,22.34723,6
7.8985147,2.174004,4
-4.6562266,8.031407,5
-2.4520059,-0.8646771,7
15.611122,-10.579574,1
-10.912152,8.5951185,15
-1.1893773,18.673374,2
-1.3354713,15.986709,2
-8.918002,-0.08701351,17
-5.5007496,-0.85477704,7
0.46441346,1.6336325,7
-0.84800506,-6.450375,20
-8.256644,11.666659,11
12.520385,-6.5237494,1
19.244255,6.230628,4
2.5632143,10.272669,13
-11.34552,8.9827585,15
-9.165045,0.8730467,17
-3.294755,4.1399245,7
7.151058,8.657319,0
15.689243,13.378667,16
11.96552,22.581142,3
-2.4402194,13.383294,2
14.307126,-10.299847,1
-2.5631778,-0.87356204,7
13.099719,-10.066832,1
-2.1142461,13.852543,2
15.791478,-0.80362606,10
-1.4763771,22.114414,2
2.0155149,11.373081,13
11.356803,3.3425014,4
-1.2685566,-11.873013,19
-6.579644,7.8779798,5
0.58653784,0.6120652,7
15.167915,8.002137,0
-8.814398,-0.18164642,17
-1.1669122,19.129742,2
-7.063992,17.209028,9
-1.9709793,-5.8835425,20
-3.6201158,-10.515233,18
12.274153,22.00686,3
-3.389841,-10.67384,18
-5.0162287,-9.473741,18
-2.5909705,3.6242368,7
17.724194,7.5983057,0
8.606396,7.3713436,0
18.561527,4.715041,4
2.5983877,9.595952,13
15.410618,-10.530623,1
-1.9648808,-5.8866086,20
8.015065,-3.4802434,14
8.397897,-3.2576675,14
2.1913269,-8.331838,20
10.801369,15.312043,3
-6.934622,15.796247,9
6.9427695,18.403824,6
15.821715,3.869833,4
-2.4730215,13.356789,2
8.279844,7.452645,0
-3.3304145,4.1739902,7
-4.469151,-4.9131837,20
-1.501602,15.028616,2
17.281906,11.889837,16
-5.8829813,-8.880489,18
9.434528,7.3961673,0
14.6217375,3.692264,4
-2.0916705,-0.81367606,7
16.365318,-10.770994,1
-3.966846,-0.8647185,7
13.226224,-1.4474171,10
2.2531192,-8.405346,20
-3.9770808,7.8935084,5
11.453337,-9.32715,1
13.083714,-10.060642,1
-2.709585,-11.111976,18
-11.6567745,9.320149,15
11.382542,-9.259248,1
2.7410145,-9.149654,20
0.8706177,6.743698,13
-3.1856909,-5.5852585,20
-0.9759956,-11.847299,19
-2.2330306,23.23669,2
-8.23513,11.6851845,11
-3.062075,-10.862973,18
13.531909,-1.360565,10
-1.2070098,18.333036,2
-1.2727537,3.0726101,7
2.5843174,10.165058,13
13.610485,3.592332,4
17.25157,11.842171,16
-3.3416517,-10.70556,18
16.194302,-0.45983988,10
-1.2395314,20.8206,2
0.30976456,0.23905705,7
19.294127,6.135647,4
17.33868,12.515843,16
3.0885146,18.206385,8
15.789448,-0.8051199,10
4.0032287,22.196793,6
14.18442,-5.375651,1
11.974937,22.559597,3
16.404886,8.017004,0
-9.700299,7.8715615,15
-9.078496,7.664317,15
14.815062,3.7168608,4
9.838927,7.4786215,0
-2.002418,-5.8692317,20
12.463549,21.702385,3
-0.01996308,-6.7913494,20
-7.012974,17.362467,9
18.25467,-4.53404,12
16.036934,3.9230433,4
-1.5131559,22.199736,2
-1.3411708,15.927984,2
11.028376,-2.1565564,10
-5.9075813,-8.867313,18
7.121398,8.729258,0
11.505898,-7.4706016,1
14.177617,3.6525083,4
-9.04211,11.090982,11
12.797125,20.98827,3
-2.8595386,7.4772234,5
-4.861263,-9.599553,18
15.387772,-10.526057,1
12.45597,21.716467,3
-1.270162,20.89963,2
2.780251,-9.210844,20
-0.18393221,-6.717907,20
-6.4653306,-0.9499776,7
0.63726693,0.8440607,7
15.459203,13.438059,16
-2.111213,-5.82365,20
12.359122,-1.6979842,10
-6.391699,-8.6605,18
0.5093734,1.559158,7
3.330671,17.231323,8
5.7516365,21.715494,6
-1.2297121,17.676771,2
16.60774,-5.0404925,12
2.564937,9.325402,13
12.221475,22.107178,3
17.18396,12.700507,16
10.96174,12.946706,3
11.608859,-1.9285036,10
16.447542,13.1213255,16
12.323904,-9.852413,1
-0.4985702,2.6820326,7
-7.487849,7.6908846,5
14.288498,-10.30778,1
-0.6477656,2.7837558,7
0.42928493,1.6862888,7
13.26713,-1.430603,10
1.9505544,7.971843,13
7.855237,2.140837,4
11.192041,-7.92575,1
16.956112,-10.89463,1
6.805258,-5.875088,14
18.109411,7.3856597,0
-8.178568,1.8638163,17
10.722387,13.283625,3
-9.089192,7.6436677,15
-2.5395875,-5.6623287,20
9.951981,-2.5625546,10
14.574374,-1.2406311,10
-1.2187866,18.01673,2
12.826736,18.91149,3
2.577172,-8.809582,20
2.7836947,-9.211185,20
11.594582,12.585044,3
-6.600155,7.8617015,5
16.83719,7.938486,0
-1.2180755,18.07623,2
14.547636,-10.378804,1
-1.8092881,14.364263,2
12.391878,21.807556,3
-1.2439028,-11.864843,19
15.610301,13.403087,16
-7.4411597,-8.624063,18
7.032242,1.2488903,4
12.748151,18.720062,3
14.812723,8.004659,0
-1.7045987,-11.71817,19
16.613333,-5.03962,12
8.030828,7.5761747,0
6.9179564,0.76452285,4
12.364171,-1.6983851,10
-5.9657745,14.474377,9
11.972753,12.607686,3
-7.2695513,7.7233667,5
7.80597,-3.602447,14
-8.079064,1.8919605,17
-5.3961005,8.040312,5
-0.9478776,-0.5641403,7
10.836237,-2.2422426,10
1.3401881,-7.52094,20
6.4681554,20.666286,6
-4.6471286,-0.8388565,7
11.767255,22.842373,3
0.32539746,0.25029987,7
-2.2022064,-0.8401419,7
-1.2432421,20.833832,2
-1.2940133,16.419025,2
-9.956588,7.9992523,15
-2.7545698,-0.8871866,7
17.05376,-5.043939,12
14.597267,-1.2329421,10
-5.6705494,-0.8593619,7
12.269917,-6.7310743,1
11.863723,22.725224,3
13.03579,20.099737,3
-2.4575844,13.366941,2
-0.8679595,-0.5309844,7
2.132492,8.228232,13
11.961099,8.1033325,0
13.960713,-1.3443688,10
15.088339,-1.0942819,10
13.001727,19.376755,3
3.1029034,17.735968,8
3.0635142,18.129616,8
6.905929,-4.670179,14
12.908849,20.71106,3
2.0112462,8.056242,13
-1.859888,22.820236,2
7.7354097,-3.652653,14
-3.066587,-10.865912,18
12.722544,18.667732,3
13.775268,3.6102777,4
14.138446,13.376663,16
0.7636422,-7.162952,20
10.490253,14.114645,3
-6.5874343,15.194452,9
10.176311,3.121105,4
11.438058,12.653032,3
0.5786233,0.5969659,7
-6.728857,15.413776,9
11.325817,12.718232,3
-9.091024,0.2363251,17
12.3932905,21.808567,3
-1.243682,17.31346,2
-1.2406598,17.35772,2
12.455913,-1.67273,10
-9.12342,0.32014066,17
2.7615163,-9.175342,20
-2.856518,7.473927,5
2.5417616,10.36604,13
-2.1227455,13.83997,2
7.390861,-3.925053,14
15.485133,13.4327135,16
2.422483,10.704145,13
12.226404,22.085026,3
-1.1047406,3.0024188,7
-4.4214873,-4.9611835,20
17.416933,4.2007227,4
-4.8480544,-9.61413,18
11.113304,15.990108,3
-1.5937488,3.1650245,7
5.8313317,21.630323,6
12.586193,12.788895,3
-1.1718085,20.089512,2
-3.3586087,4.2047105,7
11.412139,12.664598,3
-5.4132175,-9.185727,18
17.336977,12.009822,16
0.8419584,6.7190723,13
16.670643,4.071733,4
-4.2197676,-10.077148,18
13.970009,-10.255778,1
10.831108,15.377363,3
6.9731116,-6.389388,14
-6.852047,15.638168,9
2.59105,9.416477,13
13.030901,8.106672,0
0.21963641,-6.9042525,20
12.50776,-6.538009,1
17.220001,11.8020315,16
7.9754395,7.6195564,0
12.5730505,3.5170937,4
17.108885,-5.028806,12
8.60238,2.5498106,4
-2.933635,-0.89808786,7
-3.6479607,7.805127,5
13.500193,-5.7785587,1
-1.7874264,3.219572,7
-8.827566,-0.169627,17
11.251582,16.222618,3
1.1940451,-7.4140935,20
-1.5198084,14.992243,2
11.993592,8.113646,0
11.113997,15.983616,3
-8.990725,1.2191455,17
16.952188,4.1379933,4
10.57147,3.1998236,4
7.054903,1.2848095,4
13.644429,3.6002226,4
3.2231305,17.456638,8
-4.4809413,-9.878796,18
-7.960584,-8.865779,18
13.007631,20.294888,3
6.0105186,21.415493,6
16.848412,7.9359164,0
16.317091,13.179309,16
10.883675,13.000886,3
-3.0287411,7.6005106,5
18.005949,-4.685345,12
-5.9099064,14.417402,9
8.045426,17.039154,6
18.681728,-4.2249293,12
-6.2122655,-8.727701,18
15.175125,-1.0650078,10
12.344716,-9.863343,1
16.614136,-5.0386515,12
-1.1881508,20.31583,2
-6.602354,7.8489103,5
16.934044,-10.886191,1
-1.3689536,15.673488,2
11.0956,15.942056,3
17.78678,-4.800175,12
11.784014,17.125761,3
-3.2630544,7.704312,5
-5.1349916,8.04418,5
7.60482,-3.7461853,14
17.33357,12.538607,16
12.520923,12.750356,3
-8.63042,1.6958096,17
12.50388,3.504271,4
16.292936,13.198364,16
-2.463844,13.355401,2
11.126717,15.981367,3
-3.8661978,-5.3368344,20
-6.0309744,7.9809613,5
0.5250547,1.5381811,7
6.792281,-4.9727674,14
-1.1479428,-6.3045936,20
12.87128,-1.5410213,10
12.68333,21.228535,3
1.2690569,-7.469044,20
11.477098,-9.352043,1
10.513554,14.037919,3
6.9665294,18.362762,6
-6.901046,15.705878,9
-7.140203,16.746872,9
16.61683,-5.038119,12
2.1028798,8.184143,13
4.081146,22.239042,6
16.78405,7.9500356,0
-11.719235,9.400765,15
-3.6357412,-10.502765,18
-1.1977459,3.0449526,7
11.228078,-2.0776792,10
-1.7770969,22.674782,2
-8.058385,1.8819484,17
11.006586,3.2845285,4
-2.2139819,13.687235,2
17.646343,-4.8328357,12
16.616358,-5.0385456,12
14.707911,-10.40598,1
6.719423,-5.569174,14
7.525737,-3.8050637,14
17.677439,7.6415014,0
-4.047959,7.922396,5
-3.2400699,-5.5608015,20
-10.055404,8.051484,15
-1.4308572,21.914204,2
-1.7724872,22.672775,2
-1.2214545,20.732496,2
14.641964,8.006974,0
2.5260575,10.406971,13
12.201127,-6.7877617,1
2.3391619,8.588481,13
3.3065107,17.281494,8
12.002195,17.468801,3
-1.2041439,18.390116,2
-4.8419933,8.037169,5
-0.82283664,-0.5065418,7
7.134251,18.09505,6
7.2116857,8.531116,0
-1.2035176,-6.2722507,20
10.670277,13.377339,3
-2.9067323,23.713041,2
-7.127356,16.594292,9
-1.7581508,-11.696949,19
17.359953,12.056224,16
-1.1772082,18.91727,2
13.421433,8.077274,0
10.528121,14.32905,3
-0.11994963,2.3355699,7
6.441726,20.735415,6
2.5122387,9.081092,13
9.595187,-2.7049587,10
14.44984,8.018045,0
2.6108804,9.985721,13
-6.499282,-0.94754684,7
-1.2324861,20.78507,2
16.911629,-10.872477,1
-4.51504,-9.852596,18
15.771631,-10.623024,1
18.713017,-4.196398,12
1.7438134,7.6867785,13
12.970499,3.5423503,4
9.125059,7.354009,0
11.55488,12.602262,3
13.940482,3.627815,4
12.783752,8.124033,0
10.068621,7.531667,0
-9.949676,7.988129,15
-0.9433774,-0.5655022,7
16.975294,-10.907478,1
7.266482,8.408552,0
-7.9021754,-8.83233,18
0.5741805,1.4126403,7
-4.2700605,7.961307,5
11.456125,12.645829,3
-4.6002765,-0.8414754,7
-4.6896877,-0.8368104,7
0.31186897,0.23756956,7
2.317799,10.919829,13
-1.9673185,-5.8916717,20
3.0509503,18.169952,8
-6.5391994,-8.622089,18
9.187151,7.3595138,0
-3.841316,-0.87289387,7
14.53273,-1.248818,10
11.61502,7.9920607,0
17.342657,12.522954,16
-8.034497,1.873078,17
-3.187703,-5.5867443,20
3.3291996,17.233847,8
10.518144,14.278021,3
-2.0016906,22.991226,2
-7.2426033,-0.9135364,7
10.828535,-2.251863,10
12.2465515,17.862965,3
-1.3928871,15.444796,2
14.401361,3.6718254,4
-4.2853274,-5.07953,20
13.627849,3.5964286,4
13.673388,-10.19771,1
-8.959962,-0.046760164,17
11.995792,17.451221,3
18.129374,4.439946,4
-7.120679,-8.541694,18
-7.95478,-8.854058,18
-4.464293,-0.82951975,7
14.699636,-1.1912898,10
10.982202,3.280624,4
-2.5430272,3.5904958,7
13.003742,19.35852,3
-5.1809974,-0.8278386,7
10.413089,3.1735682,4
18.680357,-4.2207565,12
-1.3894639,15.404793,2
-11.618676,9.2745285,15
-8.012156,-8.906973,18
-10.4175415,8.266327,15
11.293444,-7.749612,1
-6.7059407,7.847923,5
14.133442,13.372711,16
-1.5769801,-0.75605917,7
-1.7990534,3.2226145,7
-4.952506,-9.527189,18
-1.9346024,-5.901202,20
-8.828906,7.590114,15
12.445454,-9.910995,1
17.223808,12.685103,16
-3.1891577,-10.79169,18
-1.3453686,15.925018,2
9.92163,-2.5690591,10
-3.3282561,4.171215,7
-5.302366,-0.83080757,7
12.463558,21.690998,3
2.2810502,10.994784,13
18.10959,7.3866906,0
9.226809,7.369381,0
11.509364,-9.386661,1
9.802647,7.4690003,0
-0.7255875,-0.46024182,7
-5.917331,14.4255495,9
13.019553,19.418879,3
14.627736,-10.38959,1
-1.4480594,15.159085,2
-1.8388999,-5.950303,20
-1.298815,-11.860664,19
11.081105,-8.195782,1
12.740265,21.11138,3
17.353605,-4.920513,12
17.036806,-5.0585704,12
1.9867021,11.402967,13
7.0539155,1.2739127,4
-4.5339713,-9.839605,18
15.739503,-0.8333971,10
11.791543,-7.1720324,1
-2.4984818,7.148588,5
6.881008,-4.7124596,14
1.3816967,7.2097597,13
-1.2334727,17.498882,2
-2.868904,23.69664,2
-7.676917,-0.8145129,7
-2.846237,7.462783,5
13.051818,19.711273,3
-1.1705141,19.060337,2
6.6668835,19.914326,6
-9.239741,10.929561,11
-6.635116,7.850641,5
6.8283367,19.1127,6
16.163057,8.02223,0
17.480371,7.7309327,0
6.920995,-6.2337704,14
18.50994,-4.35683,12
0.08741978,0.02808787,7
16.027853,13.292576,16
-6.94221,7.795445,5
-1.38057,15.553944,2
-4.342335,7.992959,5
8.08713,7.546008,0
12.465054,-9.917837,1
-1.220417,-6.2648396,20
11.570053,16.791466,3
16.350636,13.162361,16
0.49688843,1.5943214,7
-3.4658716,23.695307,2
10.653205,13.420708,3
14.179869,13.379268,16
4.295604,22.303501,6
-2.311225,3.4355984,7
18.42261,-4.417166,12
-5.963494,14.472378,9
6.936549,0.38823837,4
6.8775454,-4.7208815,14
17.18882,-4.9796367,12
11.987374,17.44076,3
-3.067356,-5.5927615,20
12.313967,-1.7124523,10
3.0611875,17.984125,8
-3.6718464,-10.47283,18
14.492377,-10.359635,1
-7.6044245,7.680468,5
-3.7387295,-5.397102,20
-2.042795,13.976689,2
10.894117,13.006036,3
6.7662606,19.37174,6
17.725798,7.6072383,0
2.3853796,-8.560101,20
12.895285,20.750576,3
11.722581,-9.541966,1
17.854029,-4.783492,12
16.5754,7.9958777,0
-11.751505,9.4380455,15
10.078538,-2.5173821,10
-3.0774133,-10.85581,18
-1.1603605,19.776613,2
15.804664,3.8724911,4
11.767665,12.578372,3
11.395417,-9.2746935,1
-8.6533375,1.68102,17
16.76071,12.970095,16
-6.3156557,-0.93317664,7
3.8555164,22.105513,6
12.608082,3.5219388,4
-1.3036352,16.228397,2
-7.4337254,-8.617231,18
8.951032,2.6928084,4
1.6852995,-7.805481,20
6.6439166,20.00338,6
3.2134526,17.482279,8
2.6559463,-8.994919,20
-9.075542,11.062357,11
-5.9558043,14.46449,9
11.044192,7.7972255,0
-5.034955,-9.458517,18
19.291021,6.189398,4
1.6857756,-7.805819,20
16.120708,3.9528613,4
12.128956,-1.7637737,10
11.2045,16.141933,3
-11.520816,9.166286,15
5.9538293,21.482677,6
-11.576134,9.228587,15
6.356822,20.846292,6
7.074264,8.8082905,0
13.15881,-10.084026,1
16.016996,8.013163,0
12.901802,20.734005,3
18.56881,4.719581,4
10.622073,7.6951003,0
16.044636,3.9251997,4
-1.875707,-5.9312634,20
3.312572,17.26934,8
-6.5078716,-0.95681655,7
13.1797285,-1.4557991,10
6.820885,-4.8878937,14
-4.438055,-4.9465847,20
4.916239,22.299496,6
7.4864197,-3.8332033,14
-1.3848199,15.450793,2
-1.311884,-6.2183495,20
-6.436689,14.986914,9
-7.019353,17.359829,9
3.8624897,22.098799,6
16.85538,7.934257,0
1.3433268,7.158216,13
11.0149975,12.914631,3
-6.6359897,7.850646,5
-2.1855404,-0.83728933,7
-5.780794,8.0240135,5
2.5975206,9.440847,13
8.047691,17.038555,6
-8.236522,11.683315,11
7.1154633,8.7451105,0
15.517787,-0.9429871,10
-10.96704,8.640912,15
-0.47428757,2.6584246,7
13.620545,-10.185393,1
7.9191732,2.1897225,4
12.58962,-6.465423,1
-6.8845105,15.683739,9
7.5085,17.60582,6
15.4806385,13.448028,16
13.9584465,-1.3412836,10
2.6066804,9.458186,13
17.457739,7.7528534,0
3.331675,17.218994,8
15.733451,-10.616116,1
-8.425538,11.541996,11
-1.4871027,-11.793663,19
13.344766,-5.8956027,1
13.005443,20.306667,3
-5.5309744,-9.09246,18
11.459101,3.363101,4
15.152982,3.7674935,4
-7.252305,-0.91730917,7
9.322615,2.8715234,4
-5.7029123,-0.8673773,7
12.690019,18.610369,3
-3.386055,7.764113,5
16.107853,-10.700059,1
-9.314994,7.705501,15
-8.135709,1.8774326,17
11.777738,22.835403,3
0.6179055,1.2414591,7
-2.3633084,13.47169,2
11.887322,22.697506,3
1.7491196,7.6946774,13
17.376516,12.099697,16
16.134058,-10.708176,1
12.681528,12.846402,3
14.864058,3.7283454,4
-1.5191641,14.9928465,2
14.725313,13.445559,16
0.58647287,1.3757489,7
1.6634115,-7.78434,20
-2.3521001,13.483067,2
11.390301,12.671202,3
14.783425,3.7127373,4
2.5960212,9.491935,13
2.4328012,8.793071,13
-1.5084406,22.16692,2
14.369338,-10.310529,1
8.167911,7.5106044,0
9.844883,7.4838686,0
6.652887,19.957188,6
12.108038,22.318607,3
-0.5618432,2.7338595,7
2.018387,-8.1297455,20
0.04277974,2.1689253,7
6.9729285,-6.361429,14
10.650895,3.2166665,4
-4.9996495,-9.487986,18
16.23997,-10.739416,1
5.086088,22.238153,6
-3.7160811,-10.443849,18
11.6305275,3.4057689,4
11.965071,17.412106,3
13.81678,-10.230817,1
11.136243,7.82895,0
13.18769,3.5577002,4
-2.5992234,23.523026,2
16.078419,-10.689998,1
11.437002,3.3586078,4
12.869935,20.82261,3
-1.8606317,22.810019,2
13.97679,-1.3413266,10
15.148901,8.002596,0
17.43003,7.7483377,0
-1.6441655,22.450823,2
-1.296745,16.391151,2
10.275929,7.607531,0
11.243961,-7.8148127,1
-4.4009037,-0.8345768,7
-6.9325423,17.481268,9
-0.85825837,-0.52430975,7
18.178057,4.4760404,4
-2.4675558,3.54514,7
15.012242,-1.1119225,10
-9.156527,0.9043063,17
11.90241,17.311085,3
-9.801194,7.910803,15
-8.166732,11.740854,11
-3.0223947,3.8873582,7
-1.2579117,16.980623,2
11.941314,22.627874,3
19.222809,5.436838,4
16.764286,12.967405,16
12.373075,12.686939,3
11.669309,12.574239,3
-4.359428,-9.969017,18
-9.2892685,7.697524,15
13.622687,-10.173312,1
14.491979,8.015574,0
6.801302,-5.8665714,14
5.3664284,22.053532,6
14.700032,13.44484,16
12.944196,20.582134,3
11.7933655,22.81821,3
6.9386024,-6.291611,14
12.055209,17.546734,3
-4.97948,8.041552,5
-3.3096592,-10.724267,18
0.2370296,1.9273912,7
-1.4520346,21.986027,2
10.870433,13.058566,3
19.265135,6.2139616,4
12.364477,8.148083,0
-3.2224436,-5.567076,20
13.957268,3.6281707,4
14.608214,-1.2273585,10
2.4580197,-8.634469,20
17.553722,4.209258,4
17.622429,4.2409015,4
-2.3797133,3.4904797,7
-9.27955,10.894462,11
-0.612159,2.7760363,7
2.5680335,9.32828,13
10.81904,7.749107,0
19.078918,5.267525,4
14.856687,8.00369,0
17.359522,12.044806,16
-2.2663958,-5.763671,20
2.5671482,9.316532,13
-6.184065,7.9534225,5
19.250973,5.4692516,4
7.134608,-6.7946863,14
0.7916435,6.67601,13
12.157107,17.71348,3
12.615776,-1.6258571,10
-8.15976,11.743428,11
9.758481,-2.6234336,10
11.128131,-8.0711355,1
12.60778,-6.4469175,1
4.2804136,22.300991,6
17.343302,12.00499,16
11.478427,12.6363535,3
1.2026482,-7.4241166,20
-0.0977713,2.3136399,7
12.806776,20.98944,3
-3.6810644,23.452763,2
-9.12404,0.96386147,17
12.126439,-1.7683792,10
17.541014,7.698629,0
-10.066619,8.063294,15
17.796013,7.567945,0
0.093349926,0.031728722,7
11.629537,-1.9182206,10
0.76092035,-7.161268,20
-1.8579152,-5.9406605,20
-1.2026622,20.524712,2
-1.1679504,18.950016,2
-6.42565,14.974539,9
2.002935,11.381136,13
2.2843754,-8.442786,20
-1.8038746,3.2269218,7
-3.1078372,-5.5875635,20
14.165108,-5.379432,1
17.695572,-4.8313828,12
0.6381079,0.83087593,7
11.04366,3.2904406,4
11.107059,-8.122379,1
-8.069781,1.8911176,17
-9.247323,10.916422,11
16.01668,-10.679625,1
11.177499,7.851242,0
16.14867,-10.714187,1
0.78382534,6.669051,13
-8.336446,11.602975,11
14.162658,13.394268,16
15.173343,8.002079,0
-3.4853919,23.709108,2
-8.222875,11.695995,11
-5.0922203,-9.419992,18
7.582781,7.9977436,0
-1.2669334,16.81913,2
12.376645,21.832539,3
14.2683115,13.40185,16
14.282874,-10.305657,1
12.47741,3.502599,4
11.401219,-2.0036428,10
18.288645,4.541995,4
-4.283342,7.987801,5
1.7212088,7.662232,13
12.68627,12.848193,3
13.205857,-5.9866695,1
-0.97364736,-6.3892727,20
-3.139214,3.9898834,7
-3.824764,7.8470807,5
-1.2107173,20.65712,2
-7.6385555,-0.8243648,7
6.777854,19.32513,6
6.986805,1.1641558,4
-3.038615,-10.873052,18
17.202295,12.688922,16
7.102703,8.757835,0
14.20967,3.655583,4
-6.8945565,15.694511,9
11.753355,12.5550585,3
-8.891227,11.207418,11
-1.2494801,17.165499,2
14.38282,8.02236,0
13.554175,-1.3559577,10
-1.1610991,19.63467,2
-8.663696,1.667921,17
-3.3504448,4.1942787,7
12.27756,22.00629,3
-1.420768,21.866716,2
-5.1632833,-0.8153638,7
3.0774617,18.188421,8
-2.9698858,3.8472636,7
15.201135,-10.500994,1
-8.849115,-0.15194906,17
-3.3324106,4.175865,7
-1.7617382,-5.9952474,20
-1.7299696,3.2027798,7
-1.1644657,20.025179,2
17.450027,7.7510567,0
3.3024642,17.289371,8
-8.771234,11.295811,11
-3.393137,23.694717,2
14.267376,3.6414714,4
-1.4111166,21.84048,2
5.36627,22.045341,6
10.940366,15.609875,3
0.61041933,0.67251873,7
-6.405915,-8.655313,18
-3.8856728,-5.3177543,20
10.491544,3.163426,4
-1.186792,18.726967,2
1.3231698,7.1341825,13
18.069963,7.41126,0
15.050041,-1.1078115,10
3.3000689,17.290699,8
9.405044,7.3904567,0
8.586202,7.3731546,0
16.365934,8.013779,0
-8.054477,-8.948794,18
-1.1779188,20.242079,2
10.641902,14.8446865,3
0.49286142,1.5983754,7
17.649523,4.250996,4
3.0725334,18.18242,8
-5.025889,-0.8249339,7
-9.121303,0.3246545,17
11.28634,-7.751949,1
2.4184368,8.758199,13
-8.898327,1.3712884,17
0.8247006,-7.194036,20
3.1093342,17.718935,8
-2.3601642,3.4825985,7
-7.75176,-8.739398,18
11.781271,-9.58035,1
-2.475817,13.348011,2
7.425719,17.718052,6
10.578407,14.584766,3
19.277523,6.18917,4
-2.483512,7.1337185,5
12.287017,21.989586,3
-2.734774,-11.090252,18
12.329929,12.670876,3
7.139682,-6.8057084,14
-6.4808927,-0.9619489,7
-0.62342244,2.7728035,7
16.309265,-10.761115,1
8.028436,2.2665772,4
13.083122,19.95214,3
14.560433,-10.371901,1
-1.9538797,22.931547,2
-1.1873511,20.304146,2
14.16032,-5.39172,1
-1.7657418,-11.691783,19
-4.431646,-9.912796,18
7.200606,8.544272,0
-4.1049476,-5.2038527,20
-0.12859842,-6.752534,20
-1.2118529,18.242476,2
-3.469751,23.690851,2
12.607959,3.5242364,4
12.71019,18.646849,3
-9.24518,10.922483,11
17.619265,4.241326,4
-7.4180245,-8.613872,18
0.7966889,6.680922,13
11.388914,-9.267697,1
-8.006218,-8.898108,18
-4.9799085,-9.507908,18
15.791193,-10.634105,1
-3.4273334,23.7045,2
-1.379708,-11.818377,19
1.3096522,7.1209917,13
10.672797,3.2196486,4
-2.992498,3.8666446,7
2.1029727,8.183603,13
17.75585,7.5898714,0
-7.2037053,-8.567232,18
7.123466,8.720884,0
1.3270394,7.141083,13
-5.5643816,-9.072443,18
19.274347,6.1566453,4
1.0502102,-7.328627,20
11.051508,-2.1473405,10
-8.01776,1.8671083,17
8.649061,2.5802753,4
9.579341,-2.7138872,10
19.25495,5.473648,4
12.672519,18.581842,3
-9.107676,11.034985,11
16.301447,3.9886153,4
-7.6570787,-0.8206255,7
12.564504,-9.949187,1
6.800436,-5.8698487,14
-6.2169356,14.741089,9
9.02577,7.3559194,0
-8.823863,-0.17032625,17
-2.1838226,-5.795076,20
12.234044,-6.757895,1
6.966411,-6.372843,14
16.917124,4.1594844,4
2.543316,9.246322,13
7.081829,-4.3233075,14
0.8212298,-7.192176,20
7.6141543,7.962936,0
-3.5199533,23.64116,2
5.5563045,21.893797,6
0.6333107,0.81575483,7
-4.2308264,7.9575925,5
-2.445771,7.112441,5
18.129076,7.369082,0
2.0984325,8.176073,13
-7.616609,7.679716,5
-1.249326,20.808659,2
15.991273,3.9030056,4
13.021102,-10.044462,1
3.849315,22.111048,6
13.109794,-10.071697,1
16.082373,13.294556,16
-8.984261,-0.0073640575,17
14.981776,3.7400568,4
16.956203,-10.899524,1
7.3103952,17.858728,6
12.293772,-1.7236557,10
-8.959032,-0.04118047,17
8.620958,2.559134,4
7.475881,8.120435,0
3.8466678,22.096127,6
18.130919,4.4355683,4
-4.625825,8.029149,5
6.6551566,19.953646,6
-2.5081825,13.317566,2
-0.58700997,2.7517407,7
6.8775287,-4.7166047,14
2.7719676,-9.188515,20
-2.2948766,-5.754037,20
18.729427,-4.1823597,12
6.922754,18.442787,6
13.961784,-1.3431101,10
14.374518,-10.324218,1
17.184204,-4.980754,12
-6.8205433,15.586371,9
16.581041,7.9771976,0
11.581841,3.399788,4
-0.78757495,-11.82488,19
-0.79518425,-11.829917,19
5.6411443,21.819244,6
4.3581715,22.319086,6
-2.3562272,13.4762535,2
-2.6006463,-5.6474996,20
6.723381,-5.516776,14
5.969256,21.463884,6
-4.220309,-10.080986,18
15.846325,-0.76455086,10
10.49441,14.057704,3
13.005612,8.110579,0
10.468865,7.6561556,0
-8.921509,11.183055,11
5.790995,21.675566,6
-7.13274,7.765749,5
-1.7979653,3.225241,7
-1.5542058,14.942303,2
16.912952,7.918396,0
15.240365,8.002464,0
11.52825,-7.4457545,1
-3.8596492,-0.8713942,7
0.053365633,2.1573303,7
14.145646,-5.403241,1
-3.2729197,-5.5425487,20
3.8061638,22.053917,6
11.174212,3.3109593,4
-6.513104,-0.9686042,7
6.0048695,21.420498,6
-5.912815,14.420688,9
3.8312075,22.076412,6
7.9444246,7.648694,0
10.897754,15.523718,3
7.1381173,-6.8009114,14
12.102186,8.147833,0
-2.207564,13.702353,2
-6.9231772,-0.9400077,7
-1.2910614,16.46002,2
-11.747937,9.427324,15
16.096409,-10.69581,1
-7.145083,16.732742,9
-2.404153,-5.719938,20
-0.662842,-6.54107,20
11.5987215,-9.456801,1
-8.976561,7.619406,15
13.673637,-10.19756,1
14.58373,-1.2416345,10
3.0481355,18.124582,8
3.3166192,17.260502,8
-8.907684,1.3651462,17
7.12168,8.728554,0
8.235571,2.384782,4
2.1320715,8.227726,13
17.19819,-4.963005,12
18.470291,4.6478076,4
-3.5316787,7.7846317,5
-1.588553,-0.7506289,7
8.374442,-3.2708967,14
12.84417,20.891806,3
-10.260436,8.169345,15
9.215317,7.3590093,0
5.2332134,22.142574,6
-4.4080796,-4.974313,20
9.637061,-2.684972,10
8.261465,7.458697,0
17.098314,4.162487,4
13.459146,8.074373,0
12.139464,-6.8446217,1
-9.18269,0.8312954,17
-3.021901,3.8840618,7
10.2485075,-2.4495275,10
-1.2325637,17.568075,2
-2.4546921,7.105981,5
-9.018594,7.614622,15
12.029302,17.507832,3
2.0001404,11.390402,13
-7.3019414,-8.587745,18
12.531035,3.497215,4
16.000843,3.9126427,4
-2.7560945,-11.080445,18
-8.887651,7.5844345,15
-4.21828,-5.1335235,20
10.074937,7.5182104,0
4.9426403,22.277433,6
-8.021165,-8.914197,18
6.8206334,19.14265,6
11.262377,12.752197,3
6.9100947,0.6307127,4
16.642855,13.034187,16
17.456469,7.727549,0
-3.6539457,-10.489235,18
14.345546,8.023729,0
16.560478,7.9940915,0
19.299973,6.151997,4
-1.2797091,16.641914,2
-1.3876681,15.429694,2
-11.639109,9.299206,15
0.61477786,0.7405296,7
10.847377,15.41968,3
13.555297,3.5895054,4
11.771995,22.84117,3
13.606762,-5.7142863,1
-8.839742,-0.15902942,17
-8.165252,11.740413,11
9.185288,7.3609834,0
17.579323,4.228276,4
2.372356,8.657538,13
0.73291117,6.62563,13
13.094919,8.101665,0
12.929893,19.175772,3
-6.5086513,7.8884354,5
3.3446589,17.199947,8
-8.654929,11.378631,11
-7.036265,17.326126,9
11.672697,-1.8947654,10
11.255679,7.8756146,0
-1.3998606,15.33472,2
-1.4700011,15.077308,2
11.706785,-1.8874215,10
-1.9242659,22.894085,2
3.9113567,22.147486,6
16.188828,-0.47562623,10
-7.3841696,7.698506,5
7.2021904,8.522948,0
-8.608147,1.7300252,17
-3.6334338,23.509367,2
11.096873,-8.120936,1
9.765661,-2.6050377,10
-1.2482167,17.27557,2
12.5548525,-6.4936757,1
-6.278622,14.81061,9
2.4711683,-8.648892,20
-11.620726,9.27584,15
11.901516,8.086618,0
6.9282475,0.38704035,4
14.538518,13.428614,16
6.9185834,-6.266998,14
7.1959305,1.4985304,4
3.115761,17.696709,8
-6.6251345,-8.587431,18
-6.5607305,7.8867636,5
19.30813,5.571094,4
13.537535,8.068932,0
-3.5350661,-0.88493407,7
-5.40078,8.039601,5
2.2425802,11.056164,13
11.137855,-8.061876,1
-1.2195815,20.750423,2
10.90545,12.992547,3
12.915627,20.658092,3
-11.185142,8.829822,15
13.171272,8.095746,0
13.079454,19.946688,3
16.216751,-0.43971002,10
-3.3710647,4.216579,7
7.1125593,8.750382,0
6.4526596,20.709583,6
18.5495,4.7041416,4
-4.2880797,-5.0774717,20
-4.1477747,7.9391403,5
6.7609396,-5.685061,14
14.214913,-5.3566422,1
-7.1370654,16.660872,9
-0.67201775,-6.5383487,20
11.247658,16.21035,3
6.458939,20.697742,6
15.281941,8.004179,0
-2.126714,13.832964,2
16.147085,8.017758,0
12.982996,20.492985,3
-7.2944274,-8.581492,18
12.611319,-9.963807,1
7.666866,17.429989,6
-3.640013,-0.88281304,7
-5.6992736,-8.9779005,18
-2.474072,3.5546708,7
11.017548,15.771144,3
10.252232,-2.4480128,10
-5.63616,-9.019037,18
-1.1166608,-6.3203588,20
-0.4248035,-0.30942708,7
16.08628,13.274301,16
7.125176,-4.2517843,14
16.94549,4.1380043,4
-1.1786596,20.193392,2
2.0080526,11.381022,13
-7.494936,7.690449,5
13.251922,-5.954459,1
-1.3068161,16.260744,2
0.33415252,0.26178986,7
13.212922,-10.087405,1
-2.0810297,-0.82154715,7
-4.959655,-9.518618,18
-8.304591,11.630533,11
-6.670818,7.8390865,5
12.854761,20.864582,3
-8.182483,11.72651,11
12.085293,8.13624,0
0.5743014,1.4497948,7
15.232405,13.454309,16
10.678092,14.957186,3
-2.9183676,23.716599,2
-9.141702,0.2662049,17
-1.177686,20.197817,2
7.707777,-3.6735048,14
